{
	"format_version": "1.8.0",
	"animations": {
		"animation.skeleton.v1.8.base": {
			"loop": true,
			"animation_length": 2.5,
			"bones": {
				"upper_body": {
					"rotation": {
						"0.0": [0, 0, 0.6],
						"1.4583": [-0.5, 0, 0.6],
						"2.5": [0, 0, 0.6]
					},
					"position": {
						"0.0": [0, 0, -0.1],
						"2.5": [0, 0, -0.1]
					}
				},
				"rightArm": {
					"rotation": {
						"0.0": [-0.7, -2, 3],
						"0.1667": [-0.8, -2, 3],
						"1.1667": [1.665, -2.00668, 2.6994],
						"1.375": [1.865, -2.00668, 2.6994],
						"2.5": [-0.7, -2, 3]
					},
					"position": {
						"0.0": [-0.1, -0.2, -0.2],
						"0.1667": [-0.1, -0.2, -0.2],
						"2.5": [-0.1, -0.2, -0.2]
					}
				},
				"leftArm": {
					"rotation": {
						"0.0": [-0.4, -1, -2],
						"0.1667": [-0.5, -1, -2],
						"1.1667": [1.6955, -0.98801, -2.6999],
						"1.375": [1.8955, -0.98801, -2.6999],
						"2.5": [-0.4, -1, -2]
					},
					"position": {
						"0.0": [0, -0.2, 0],
						"0.1667": [0, -0.2, 0],
						"2.5": [0, -0.2, 0]
					}
				},
				"head": {
					"rotation": [2.0358, -1.9636, -1.0698],
					"position": [-0.1, 0, 0]
				},
				"rightLeg": {
					"rotation": [0, 0, 2],
					"position": [0.1, 0, -0.5]
				},
				"leftLeg": {
					"rotation": [2.00449, -3.96266, -3.13919],
					"position": [0, 0, 0.1]
				}
			}
		},
		"animation.skeleton.v1.8.walking": {
			"loop": true,
			"animation_length": 1.51724,
			"anim_time_update": "query.modified_distance_moved * 0.122",
			"bones": {
				"waist": {
					"position": {
						"0.0": [0, 0, 0],
						"0.3793": [0, 0.4, 0],
						"0.7586": [0, 0, 0],
						"1.1379": [0, 0.4, 0],
						"1.5172": [0, 0, 0]
					}
				},
				"upper_body": {
					"rotation": {
						"0.0": [1.9997, 0.0349, -0.99939],
						"0.3793": [1, 0, 0],
						"0.7586": [1.9997, -0.0349, 0.99939],
						"1.1724": [1, 0, 0],
						"1.5172": [1.9997, 0.0349, -0.99939]
					},
					"position": {
						"0.0": [0, -0.3, 0],
						"0.2414": [0, -1.5, 0],
						"0.4483": [0, 0.25, 0],
						"0.7586": [0, -0.3, 0],
						"1.0": [0, -1.5, 0],
						"1.2414": [0, -0.25, 0],
						"1.5172": [0, -0.3, 0]
					}
				},
				"body": {
					"rotation": {
						"0.0": [2, 4, 0],
						"0.3793": [3, 0.45, 0],
						"0.7586": [2, -4, 0],
						"1.1379": [3, -0.45, 0],
						"1.5172": [2, 4, 0]
					},
					"position": {
						"0.0": [0, 0, -0.3],
						"0.3793": [0, 0, 0.1],
						"0.7586": [0, 0, -0.3],
						"1.1379": [0, 0, 0.1],
						"1.5172": [0, 0, -0.3]
					}
				},
				"rightArm": {
					"rotation": {
						"0.0": [23, -3, 2],
						"0.7586": [-18.90724, 4.4321, 0.592],
						"1.5172": [23, -3, 2]
					},
					"position": {
						"0.0": [0, 0, 0.8],
						"0.1379": [0, -0.3, 0.51],
						"0.4138": [0, 0.18, -0.08],
						"0.5517": [0, 0.17, -0.38],
						"0.7586": [0, 0, -0.8],
						"0.8966": [0, -0.3, -0.49],
						"1.2069": [0, 0.18, 0.25],
						"1.3448": [0, 0.17, 0.51],
						"1.5172": [0, 0, 0.8]
					}
				},
				"leftArm": {
					"rotation": {
						"0.0": [-18.90724, -4.43212, -0.59201],
						"0.7586": [23, 3, -2],
						"1.5172": [-18.90724, -4.43212, -0.59201]
					},
					"position": {
						"0.0": [0, 0, -0.8],
						"0.1379": [0, -0.3, -0.51],
						"0.4138": [0, 0.18, 0.08],
						"0.5517": [0, 0.17, 0.38],
						"0.7586": [0, 0, 0.8],
						"0.8966": [0, -0.3, 0.49],
						"1.2069": [0, 0.18, -0.25],
						"1.3448": [0, 0.17, -0.51],
						"1.5172": [0, 0, -0.8]
					}
				},
				"head": {
					"rotation": {
						"0.0": [2, 0.5, -0.7988],
						"0.3793": [-0.69989, 0, 0],
						"0.7586": [2, -0.5, 0.7988],
						"1.1379": [-0.7, 0, 0],
						"1.5172": [2, 0.5, -0.7988]
					}
				},
				"rightLeg": {
					"rotation": {
						"0.0": [-14, -0.5, 0.2],
						"0.7586": [17, 3.7, 0.7],
						"1.0": [29.4, -3, -1.2],
						"1.2069": [8.8, -0.6, 0.4],
						"1.5172": [-14, -0.5, 0.2]
					},
					"position": {
						"0.0": [0, 0, -1.7],
						"0.4828": [0, 0.2, 1.1],
						"0.7586": [0, 0, 1.1],
						"1.0": [0, 0, -0.43],
						"1.2069": [0, 2.43, -2.65],
						"1.5172": [0, 0, -1.7]
					}
				},
				"leftLeg": {
					"rotation": {
						"0.0": [17, -3.7, -0.7],
						"0.2414": [29.2, -3, -1.2],
						"0.4828": [8.8, -0.6, -0.4],
						"0.7586": [-14, 0.5, -0.2],
						"1.5172": [17, -3.7, -0.7]
					},
					"position": {
						"0.0": [0, 0, 1.1],
						"0.2414": [0, 0, -0.43],
						"0.4828": [0, 2.43, -2.65],
						"0.7586": [0, 0, -1.7],
						"1.2069": [0, 0, 1.11],
						"1.5172": [0, 0, 1.1]
					}
				}
			}
		},
		"animation.skeleton.v1.8.hold_bow": {
			"loop": true,
			"animation_length": 0.54167,
			"bones": {
				"rightArm": {
					"rotation": ["-81.5629 + math.clamp(query.target_x_rotation, -30, 25) -this", 73.7535, 8.15054],
					"position": [0, "-0.3 + math.clamp(-query.target_x_rotation, -40, 0)*0.0475 -this", -0.1]
				},
				"leftArm": {
					"rotation": ["-205.041 + math.clamp(query.target_x_rotation, -15, 25) -this", 70.3064, -116.58714],
					"position": [-1.6, 1.1, -3.7]
				},
				"rightItem": {
					"rotation": [0, -4, 0],
					"position": [0, 0, 0]
				}
			}
		},
		"animation.skeleton.v1.8.hold_stand": {
			"loop": true,
			"animation_length": 2.25,
			"bones": {
				"upper_body": {
					"rotation": {
						"0.0": [3, -82, 0.6],
						"1.125": [3.3729, -82, 0.9571],
						"2.25": [3, -82, 0.6]
					},
					"position": {
						"0.0": [0, 0, -0.1],
						"2.25": [0, 0, -0.1]
					}
				},
				"body": {
					"rotation": [0, "9 + math.clamp(query.target_y_rotation, -27, 27) -this", 0]
				},
				"head": {
					"rotation": {
						"0.0": [-7.3019, 83.2391, -11.9132],
						"0.5833": [-6.8019, 83.2391, -11.9132],
						"1.125": [-7.3019, 83.2391, -11.9132],
						"1.6667": [-6.8019, 83.2391, -11.9132],
						"2.25": [-7.3019, 83.2391, -11.9132]
					},
					"position": {
						"0.0": [-0.1, 0, 0],
						"1.125": [-0.1, 0, 0],
						"2.25": [-0.1, 0, 0]
					}
				},
				"rightLeg": {
					"rotation": [-11.85831, 3.8903, 5.1426],
					"position": [0, 0, -1.4]
				},
				"leftLeg": {
					"rotation": [6.01876, -7.93998, -9.0681],
					"position": [0.1, 0, 1.4]
				}
			}
		},
		"animation.skeleton.v1.8.hold_walk": {
			"loop": true,
			"animation_length": 1.51724,
			"anim_time_update": "query.modified_distance_moved * 0.14",
			"bones": {
				"upper_body": {
					"rotation": {
						"0.0": [3, -82, 0.4],
						"0.3448": [7.77613, -83, -3.18264],
						"0.7586": [3, -82, 0.4],
						"1.1379": [7.77613, -83, -3.18264],
						"1.5172": [3, -82, 0.4]
					},
					"position": {
						"0.0": [0, 0.15, 0],
						"0.3448": [0, -0.9, 0],
						"0.7586": [0, 0.15, 0],
						"1.1379": [0, -0.9, 0],
						"1.5172": [0, 0.15, 0]
					}
				},
				"body": {
					"rotation": [0, "9 + math.clamp(query.target_y_rotation, -27, 27) -this", 0]
				},
				"head": {
					"rotation": {
						"0.0": [-7.3019, 83.2391, -11.9132],
						"0.4138": [-10.3019, 83.2391, -11.9132],
						"0.7931": [-7.3019, 83.2391, -11.9132],
						"1.1379": [-10.3019, 83.2391, -11.9132],
						"1.5172": [-7.3019, 83.2391, -11.9132]
					},
					"position": {
						"0.0": [-0.1, 0, 0],
						"0.7931": [-0.1, 0, 0],
						"1.5172": [-0.1, 0, 0]
					}
				},
				"rightLeg": {
					"rotation": {
						"0.0": [-14, -0.5, 0.2],
						"0.7586": [17, 3.7, 0.7],
						"1.0": [29.4, -3, -1.2],
						"1.2069": [8.8, -0.6, 0.4],
						"1.5172": [-14, -0.5, 0.2]
					},
					"position": {
						"0.0": [0, 0, -1.7],
						"0.4828": [0, 0.2, 1.1],
						"0.7586": [0, 0, 1.1],
						"1.0": [0, 0, -0.43],
						"1.2069": [0, 2.43, -2.65],
						"1.5172": [0, 0, -1.7]
					}
				},
				"leftLeg": {
					"rotation": {
						"0.0": [17, -3.7, -0.7],
						"0.2414": [29.2, -3, -1.2],
						"0.4828": [8.8, -0.6, -0.4],
						"0.7586": [-14, 0.5, -0.2],
						"1.5172": [17, -3.7, -0.7]
					},
					"position": {
						"0.0": [0, 0, 1.1],
						"0.2414": [0, 0, -0.43],
						"0.4828": [0, 2.43, -2.65],
						"0.7586": [0, 0, -1.7],
						"1.2069": [0, 0, 1.11],