{
	"format_version": "1.8.0",
	"animations": {
		"animation.zombie.baby_transform": {
			"loop": true,
			"bones": {
				"head": {
					"scale": [1.5, 1.5, 1.5]
				}
			}
		},
		"animation.zombie.idle1": {
			"loop": true,
			"animation_length": 2,
			"bones": {
				"root": {
					"position": [0, -0.5, 0]
				},
				"spine": {
					"rotation": {
						"0.0": [35.07673, 9.96156, 0.88045],
						"1.0": [27.5, 5, 0],
						"2.0": [35.07673, 9.96156, 0.88045]
					}
				},
				"head": {
					"rotation": {
						"0.0": [2.5, 0, 0],
						"0.5": [7.50706, -2.4786, -0.32652],
						"1.0": [7.50706, -2.4786, -0.32652],
						"1.5": [2.5, 0, 0],
						"2.0": [2.5, 0, 0]
					}
				},
				"rightArm": {
					"rotation": {
						"0.0": [-25, 0, 0],
						"0.5": [-44.98637, 0.64686, 2.41492],
						"1.0": [-39.98637, 0.64686, 2.41492],
						"2.0": [-25, 0, 0]
					}
				},
				"leftArm": {
					"rotation": {
						"0.0": [-25, 0, 0],
						"0.5": [-44.98637, -0.64686, -2.41492],
						"1.0": [-39.98637, -0.64686, -2.41492],
						"2.0": [-25, 0, 0]
					}
				},
				"rightLeg": {
					"rotation": [-8.6422, 27.98203, 10.74647]
				},
				"leftLeg": {
					"rotation": [7.5, 0, -10]
				}
			}
		},
		"animation.zombie.idle2": {
			"loop": true,
			"animation_length": 2,
			"bones": {
				"root": {
					"position": [0, -0.5, 0]
				},
				"spine": {
					"rotation": {
						"0.0": [-22.5, 0, 5],
						"1.0": [-10, 0, 5],
						"2.0": [-22.5, 0, 5]
					}
				},
				"head": {
					"rotation": {
						"0.0": [20, 0, 0],
						"0.5": [0, 0, 0],
						"1.0": [0, 0, 0],
						"1.5": [20, 0, 0]
					}
				},
				"rightArm": {
					"rotation": {
						"0.0": [-44.3569, 7.13136, 10.29284],
						"0.3": [-59.93367, 3.89558, 4.96477],
						"1.0": [-59.93367, 3.89558, 4.96477],
						"2.0": [-44.3569, 7.13136, 10.29284]
					}
				},
				"leftArm": {
					"rotation": {
						"0.0": [-44.3569, -7.13136, -10.29284],
						"0.3": [-59.93367, -3.89558, -4.96477],
						"1.0": [-59.93367, -3.89558, -4.96477],
						"2.0": [-44.3569, -7.13136, -10.29284]
					}
				},
				"rightLeg": {
					"rotation": [17.5, 0, 10]
				},
				"leftLeg": {
					"rotation": [-17.64892, 1.72794, -9.85108]
				}
			}
		},
		"animation.zombie.walk": {
			"loop": true,
			"animation_length": 1,
			"anim_time_update": "q.anim_time + (q.delta_time * (q.modified_move_speed * 2))",
			"blend_weight": "1",
			"bones": {
				"root": {
					"position": {
						"0.0": [0, -3, 0],
						"0.25": [0, 0, 0],
						"0.5": [0, -3, 0],
						"0.75": [0, 0, 0],
						"1.0": [0, -3, 0]
					}
				},
				"spine": {
					"rotation": {
						"0.0": [12, 0, 0],
						"0.125": [20, 0, 0],
						"0.25": [20, 0, 0],
						"0.375": [12, 0, 0],
						"0.5": [12, 0, 0],
						"0.625": [20, 0, 0],
						"0.75": [20, 0, 0],
						"0.875": [12, 0, 0],
						"1.0": [12, 0, 0]
					}
				},
				"head": {
					"rotation": {
						"0.0": [0, 0, 0],
						"0.125": [7.5, 0, 0],
						"0.2083": [7.5, 0, 0],
						"0.3333": [0, 0, 0],
						"0.4583": [-7.5, 0, 0],
						"0.5833": [2.5, 0, 0],
						"0.6667": [2.5, 0, 0],
						"0.7917": [12.5, 0, 0],
						"1.0": [0, 0, 0]
					}
				},
				"rightArm": {
					"rotation": {
						"0.0": [-90, -7, 0],
						"0.125": [-95, -7, 0],
						"0.25": [-90, -7, 0],
						"0.375": [-95, -7, 0],
						"0.5": [-90, -7, 0],
						"0.625": [-65, -7, 0],
						"0.75": [-65, -7, 0],
						"1.0": [-90, -7, 0]
					}
				},
				"leftArm": {
					"rotation": {
						"0.0": [-90, 7, 0],
						"0.125": [-95, 7, 0],
						"0.25": [-90, 7, 0],
						"0.375": [-95, 7, 0],
						"0.5": [-90, 7, 0],
						"0.625": [-65, 7, 0],
						"0.75": [-65, 7, 0],
						"1.0": [-90, 7, 0]
					}
				},
				"rightLeg": {
					"rotation": {
						"0.0": [37.5, 0, 0],
						"0.5": [-37.5, 0, 0],
						"1.0": [37.5, 0, 0]
					},
					"position": {
						"0.0": [0, 2, 0],
						"0.25": [0, 2, -1],
						"0.5": [0, 1, -1],
						"0.75": [0, 0, 0],
						"1.0": [0, 2, 0]
					}
				},
				"leftLeg": {
					"rotation": {
						"0.0": [-37.5, 0, 0],
						"0.5": [37.5, 0, 0],
						"1.0": [-37.5, 0, 0]
					},
					"position": {
						"0.0": [0, 1, -1],
						"0.25": [0, 0, 0],
						"0.5": [0, 2, 0],
						"0.75": [0, 2, -1],
						"1.0": [0, 1, -1]
					}
				}
			}
		},
		"animation.zombie.run": {
			"loop": true,
			"animation_length": 0.625,
			"bones": {
				"root": {
					"position": {
						"0.0": [0, -3, 0],
						"0.1667": [0, 0, 0],
						"0.2917": [0, -3, 0],
						"0.5": [0, 0, 0],
						"0.625": [0, -3, 0]
					}
				},
				"spine": {
					"rotation": {
						"0.0": [12, 0, 0],
						"0.0833": [20, 0, 0],
						"0.1667": [20, 0, 0],
						"0.25": [12, 0, 0],
						"0.2917": [12, 0, 0],
						"0.375": [20, 0, 0],
						"0.5": [20, 0, 0],
						"0.5417": [12, 0, 0],
						"0.625": [12, 0, 0]
					}
				},
				"head": {
					"rotation": {
						"0.0": [0, 0, 0],
						"0.125": [7.5, 0, 0],
						"0.2083": [0, 0, 0],
						"0.2917": [-7.5, 0, 0],
						"0.375": [2.5, 0, 0],
						"0.4167": [2.5, 0, 0],
						"0.5": [12.5, 0, 0],
						"0.625": [0, 0, 0]
					}
				},
				"leftArm": {
					"rotation": {
						"0.0": [-90, 7, 0],
						"0.0833": [-95, 7, 0],
						"0.1667": [-90, 7, 0],
						"0.25": [-95, 7, 0],
						"0.2917": [-90, 7, 0],
						"0.375": [-65, 7, 0],
						"0.5": [-65, 7, 0],
						"0.625": [-90, 7, 0]
					}
				},
				"rightArm": {
					"rotation": {
						"0.0": [-90, -7, 0],
						"0.0833": [-95, -7, 0],
						"0.1667": [-90, -7, 0],
						"0.25": [-95, -7, 0],
						"0.2917": [-90, -7, 0],
						"0.375": [-65, -7, 0],
						"0.5": [-65, -7, 0],
						"0.625": [-90, -7, 0]
					}
				},
				"leftLeg": {
					"rotation": {
						"0.0": [-37.5, 0, 0],
						"0.2917": [37.5, 0, 0],
						"0.625": [-37.5, 0, 0]
					},
					"position": {
						"0.0": [0, 1, -1],
						"0.1667": [0, 0, 0],
						"0.2917": [0, 2, 0],
						"0.5": [0, 2, -1],
						"0.625": [0, 1, -1]
					}
				},
				"rightLeg": {
					"rotation": {
						"0.0": [37.5, 0, 0],
						"0.2917": [-37.5, 0, 0],
						"0.625": [37.5, 0, 0]
					},
					"position": {
						"0.0": [0, 2, 0],
						"0.1667": [0, 2, -1],
						"0.2917": [0, 1, -1],
						"0.5": [0, 0, 0],
						"0.625": [0, 2, 0]
					}
				}
			}
		},
		"animation.zombie.charging": {
			"loop": "hold_on_last_frame",
			"animation_length": 1,
			"bones": {
				"rightArm": {
					"rotation": {
						"0.0": [0, 0, 0],
						"1.0": [-165, 0, 0]
					}
				}
			}
		},
		"animation.zombie.attack1": {
			"loop": "hold_on_last_frame",
			"animation_length": 0.33333,
			"bones": {
				"spine": {
					"rotation": {
						"0.0": [40, 0, 0],
						"0.1667": [-17.5, 0, 0],
						"0.3333": [40, 0, 0]
					}
				},
				"head": {
					"rotation": {
						"0.0": [0, 0, 0],
						"0.1667": [30, 0, 0],
						"0.25": [-30, 0, 0],
						"0.3333": [0, 0, 0]
					}
				},
				"rightArm": {
					"rotation": {
						"0.0": [-45, 0, 0],
						"0.1667": [-175, 0, 0],
						"0.25": [-149.51568, -10.90183, -38.52907],
						"0.3333": [0, 0, 0]
					}
				},
				"leftArm": {
					"rotation": {
						"0.0": [-45, 0, 0],
						"0.1667": [-175, 0, 0],
						"0.25": [-149.51568, 10.90183, 38.52907],
						"0.3333": [0, 0, 0]
					}
				}
			}
		},
		"animation.zombie.attack2": {
			"loop": "hold_on_last_frame",
			"animation_length": 0.33333,
			"bones": {
				"spine": {
					"rotation": {
						"0.0": [40, 0, 0],
						"0.125": [-22.61557, 0.75155, -17.48436],
						"0.3333": [40, 0, 0]
					}
				},
				"head": {
					"rotation": {
						"0.0": [0, 0, 0],
						"0.0833": [27.5, 0, 0],
						"0.125": [27.5, 0, 0],
						"0.2083": [-22.5, 0, 0],
						"0.3333": [0, 0, 0]
					}
				},
				"rightArm": {
					"rotation": {
						"0.0": [-52.5, 0, 0],
						"0.1667": [-165, 0, 0],
						"0.25": [-193.40052, 9.57658, -39.02504],
						"0.3333": [-52.5, 0, 0]
					}
				},
				"leftArm": {
					"rotation": {
						"0.0": [-62.5, 0, 0],
						"0.2083": [-50, 0, 22.5],
						"0.3333": [-62.5, 0, 0]
					}
				}
			}
		},