{
	"format_version": "1.8.0",
	"animations": {
		"animation.pillager.charge": {
			"loop": "hold_on_last_frame",
			"animation_length": 1.5,
			"bones": {
				"right_arm": {
					"rotation": {
						"0.0": [
							0,
							0,
							0
						],
						"0.375": [
							-33.74574,
							-35.73669,
							0.11826
						],
						"1.0": [
							-33.74574,
							-35.73669,
							0.11826
						],
						"1.25": [
							-76.11112,
							-18.82626,
							5.22003
						]
					}
				},
				"spine": {
					"rotation": {
						"0.0": [
							0,
							0,
							0
						],
						"0.25": [
							41.28773,
							-18.42031,
							-7.92945
						],
						"1.0": [
							44.37065,
							-20.29057,
							-9.68791
						],
						"1.25": [
							20.36591,
							0.15921,
							-0.45481
						],
						"1.5": [
							0,
							0,
							0
						]
					}
				},
				"left_arm": {
					"rotation": {
						"0.25": [
							0,
							0,
							0
						],
						"0.6667": [
							-89.25232,
							48.15501,
							-69.69511
						],
						"0.875": [
							-109.25232,
							48.15501,
							-69.69511
						],
						"1.5": [
							-109.25232,
							48.15501,
							-69.69511
						]
					}
				},
				"left_elbow": {
					"rotation": {
						"0.25": [
							0,
							0,
							0
						],
						"0.5": [
							-25,
							0,
							0
						]
					}
				},
				"right_elbow": {
					"rotation": {
						"0.0": [
							0,
							0,
							0
						],
						"0.5": [
							-20,
							0,
							0
						]
					}
				}
			}
		},
		"animation.pillager.charge_hold": {
			"loop": true,
			"bones": {
				"left_arm": {
					"rotation": [
						-109.25232,
						48.15501,
						-69.69511
					]
				},
				"left_elbow": {
					"rotation": [
						-25,
						0,
						0
					]
				},
				"right_arm": {
					"rotation": [
						-76.11112,
						-18.82626,
						5.22003
					]
				},
				"right_elbow": {
					"rotation": [
						-20,
						0,
						0
					]
				}
			}
		},
		"animation.pillager.riding.legs": {
			"loop": true,
			"bones": {
				"left_leg": {
					"rotation": [
						"-71.4467-this",
						"-22.5348-this",
						"-13.0629-this"
					]
				},
				"right_leg": {
					"rotation": [
						"-71.4467-this",
						"22.5348-this",
						"13.0629-this"
					]
				},
				"right_knee": {
					"rotation": [
						30,
						0,
						0
					]
				},
				"left_knee": {
					"rotation": [
						30,
						0,
						0
					]
				}
			}
		},
		"animation.pillager.idle": {
			"loop": true,
			"animation_length": 2,
			"bones": {
				"spine": {
					"rotation": {
						"0.0": {
							"post": [
								5,
								0,
								0
							],
							"lerp_mode": "catmullrom"
						},
						"1.0": {
							"post": [
								0,
								0,
								0
							],
							"lerp_mode": "catmullrom"
						},
						"2.0": {
							"post": [
								5,
								0,
								0
							],
							"lerp_mode": "catmullrom"
						}
					}
				},
				"head": {
					"rotation": {
						"0.0": {
							"post": [
								0,
								0,
								0
							],
							"lerp_mode": "catmullrom"
						},
						"0.5": {
							"post": [
								5,
								0,
								0
							],
							"lerp_mode": "catmullrom"
						},
						"1.0": {
							"post": [
								5,
								0,
								0
							],
							"lerp_mode": "catmullrom"
						},
						"1.5": {
							"post": [
								0,
								0,
								0
							],
							"lerp_mode": "catmullrom"
						},
						"2.0": {
							"post": [
								0,
								0,
								0
							],
							"lerp_mode": "catmullrom"
						}
					}
				},
				"left_arm": {
					"rotation": {
						"0.0": {
							"post": [
								0,
								0,
								0
							],
							"lerp_mode": "catmullrom"
						},
						"0.5": {
							"post": [
								-7.5,
								0,
								0
							],
							"lerp_mode": "catmullrom"
						},
						"1.0": {
							"post": [
								-7.5,
								0,
								0
							],
							"lerp_mode": "catmullrom"
						},
						"1.5": {
							"post": [
								0,
								0,
								0
							],
							"lerp_mode": "catmullrom"
						}
					}
				},
				"right_arm": {
					"rotation": {
						"0.0": {
							"post": [
								0,
								0,
								0
							],
							"lerp_mode": "catmullrom"
						},
						"0.5": {
							"post": [
								-7.5,
								0,
								0
							],
							"lerp_mode": "catmullrom"
						},
						"1.0": {
							"post": [
								-7.5,
								0,
								0
							],
							"lerp_mode": "catmullrom"
						},
						"1.5": {
							"post": [
								0,
								0,
								0
							],
							"lerp_mode": "catmullrom"
						}
					}
				}
			}
		},
		"animation.pillager.walk": {
			"loop": true,
			"animation_length": 0.5,
			"bones": {
				"right_leg": {
					"rotation": {
						"0.0": {
							"post": [
								40,
								0,
								0
							],
							"lerp_mode": "catmullrom"
						},
						"0.25": {
							"post": [
								-50,
								0,
								0
							],
							"lerp_mode": "catmullrom"
						},
						"0.5": {
							"post": [
								40,
								0,
								0
							],
							"lerp_mode": "catmullrom"
						}
					}
				},
				"left_leg": {
					"rotation": {
						"0.0": {
							"post": [
								-50,
								0,
								0
							],
							"lerp_mode": "catmullrom"
						},
						"0.25": {
							"post": [
								40,
								0,
								0
							],
							"lerp_mode": "catmullrom"
						},
						"0.5": {
							"post": [
								-50,
								0,
								0
							],
							"lerp_mode": "catmullrom"
						}
					}
				},
				"body": {
					"scale": {
						"0.0": {
							"post": [
								1,
								1,
								1
							],
							"lerp_mode": "catmullrom"
						}
					}
				},
				"spine": {
					"rotation": {
						"0.0": {
							"post": [
								2.5,
								0,
								0
							],
							"lerp_mode": "catmullrom"
						},
						"0.125": {
							"post": [
								0,
								0,
								0
							],
							"lerp_mode": "catmullrom"
						},
						"0.25": {
							"post": [
								2.5,
								0,
								0
							],
							"lerp_mode": "catmullrom"
						},
						"0.375": {
							"post": [
								0,
								0,
								0
							],
							"lerp_mode": "catmullrom"
						},
						"0.5": {
							"post": [
								2.5,
								0,
								0
							],
							"lerp_mode": "catmullrom"
						}
					}
				},
				"root": {
					"position": {
						"0.0": {
							"post": [
								0,
								-0.75,
								0
							],
							"lerp_mode": "catmullrom"
						},
						"0.0833": {
							"post": [
								0,
								-0.67,
								0
							],
							"lerp_mode": "catmullrom"
						},
						"0.125": {
							"post": [
								0,
								-0.5,
								0
							],
							"lerp_mode": "catmullrom"
						},
						"0.1667": {
							"post": [
								0,
								0.25,
								0
							],
							"lerp_mode": "catmullrom"
						},
						"0.2083": {
							"post": [
								0,
								-0.16,
								0
							],
							"lerp_mode": "catmullrom"
						},
						"0.25": {
							"post": [
								0,
								-0.75,
								0
							],
							"lerp_mode": "catmullrom"
						},
						"0.2917": {
							"post": [
								0,
								-0.96,
								0
							],
							"lerp_mode": "catmullrom"
						},
						"0.3333": {
							"post": [
								0,
								-0.67,
								0
							],
							"lerp_mode": "catmullrom"
						},
						"0.375": {
							"post": [
								0,
								0.5,
								0
							],
							"lerp_mode": "catmullrom"
						},
						"0.5": {
							"post": [
								0,
								-0.75,
								0
							],
							"lerp_mode": "catmullrom"
						}
					}
				},
				"left_knee": {
					"rotation": {
						"0.0": {
							"post": [
								20,
								0,
								0
							],
							"lerp_mode": "catmullrom"
						},
						"0.0833": {
							"post": [
								0,
								0,
								0
							],
							"lerp_mode": "catmullrom"
						},
						"0.25": {
							"post": [
								0,
								0,
								0
							],
							"lerp_mode": "catmullrom"
						},